,Loan_ID,Self_Employed,ApplicantIncome,CoapplicantIncome,LoanAmount,Loan_Amount_Term,Credit_History,Property_Area,Loan_Status
0,LP001002,No,5849,0.0,,360.0,1.0,2,Y
1,LP001003,No,4583,1508.0,128.0,360.0,1.0,3,N
2,LP001005,Yes,3000,0.0,66.0,360.0,1.0,2,Y
3,LP001006,No,2583,2358.0,120.0,360.0,1.0,2,Y
4,LP001008,No,6000,0.0,141.0,360.0,1.0,2,Y
5,LP001011,Yes,5417,4196.0,267.0,360.0,1.0,2,Y
6,LP001013,No,2333,1516.0,95.0,360.0,1.0,2,Y
7,LP001014,No,3036,2504.0,158.0,360.0,0.0,1,N
8,LP001018,No,4006,1526.0,168.0,360.0,1.0,2,Y
9,LP001020,No,12841,10968.0,349.0,360.0,1.0,1,N
10,LP001024,No,3200,700.0,70.0,360.0,1.0,2,Y
11,LP001027,,2500,1840.0,109.0,360.0,1.0,2,Y
12,LP001028,No,3073,8106.0,200.0,360.0,1.0,2,Y
13,LP001029,No,1853,2840.0,114.0,360.0,1.0,3,N
14,LP001030,No,1299,1086.0,17.0,120.0,1.0,2,Y
15,LP001032,No,4950,0.0,125.0,360.0,1.0,2,Y
16,LP001034,No,3596,0.0,100.0,240.0,,2,Y
17,LP001036,No,3510,0.0,76.0,360.0,0.0,2,N
18,LP001038,No,4887,0.0,133.0,360.0,1.0,3,N
19,LP001041,,2600,3500.0,115.0,,1.0,2,Y
20,LP001043,No,7660,0.0,104.0,360.0,0.0,2,N
21,LP001046,No,5955,5625.0,315.0,360.0,1.0,2,Y
22,LP001047,No,2600,1911.0,116.0,360.0,0.0,1,N
23,LP001050,No,3365,1917.0,112.0,360.0,0.0,3,N
24,LP001052,,3717,2925.0,151.0,360.0,,1,N
25,LP001066,Yes,9560,0.0,191.0,360.0,1.0,1,Y
26,LP001068,No,2799,2253.0,122.0,360.0,1.0,1,Y
27,LP001073,No,4226,1040.0,110.0,360.0,1.0,2,Y
28,LP001086,No,1442,0.0,35.0,360.0,1.0,2,N
29,LP001087,,3750,2083.0,120.0,360.0,1.0,1,Y
30,LP001091,,4166,3369.0,201.0,360.0,,2,N
31,LP001095,No,3167,0.0,74.0,360.0,1.0,2,N
32,LP001097,Yes,4692,0.0,106.0,360.0,1.0,3,N
33,LP001098,No,3500,1667.0,114.0,360.0,1.0,1,Y
34,LP001100,No,12500,3000.0,320.0,360.0,1.0,3,N
35,LP001106,No,2275,2067.0,,360.0,1.0,2,Y
36,LP001109,No,1828,1330.0,100.0,,0.0,2,N
37,LP001112,No,3667,1459.0,144.0,360.0,1.0,1,Y
38,LP001114,No,4166,7210.0,184.0,360.0,1.0,2,Y
39,LP001116,No,3748,1668.0,110.0,360.0,1.0,1,Y
40,LP001119,No,3600,0.0,80.0,360.0,1.0,2,N
41,LP001120,No,1800,1213.0,47.0,360.0,1.0,2,Y
42,LP001123,No,2400,0.0,75.0,360.0,,2,Y
43,LP001131,No,3941,2336.0,134.0,360.0,1.0,1,Y
44,LP001136,Yes,4695,0.0,96.0,,1.0,2,Y
45,LP001137,No,3410,0.0,88.0,,1.0,2,Y
46,LP001138,No,5649,0.0,44.0,360.0,1.0,2,Y
47,LP001144,No,5821,0.0,144.0,360.0,1.0,2,Y
48,LP001146,No,2645,3440.0,120.0,360.0,0.0,2,N
49,LP001151,No,4000,2275.0,144.0,360.0,1.0,1,Y
50,LP001155,No,1928,1644.0,100.0,360.0,1.0,1,Y
51,LP001157,No,3086,0.0,120.0,360.0,1.0,1,Y
52,LP001164,No,4230,0.0,112.0,360.0,1.0,1,N
53,LP001179,No,4616,0.0,134.0,360.0,1.0,2,N
54,LP001186,Yes,11500,0.0,286.0,360.0,0.0,2,N
55,LP001194,No,2708,1167.0,97.0,360.0,1.0,1,Y
56,LP001195,No,2132,1591.0,96.0,360.0,1.0,1,Y
57,LP001197,No,3366,2200.0,135.0,360.0,1.0,3,N
58,LP001198,No,8080,2250.0,180.0,360.0,1.0,2,Y
59,LP001199,No,3357,2859.0,144.0,360.0,1.0,2,Y
60,LP001205,No,2500,3796.0,120.0,360.0,1.0,2,Y
61,LP001206,No,3029,0.0,99.0,360.0,1.0,2,Y
62,LP001207,Yes,2609,3449.0,165.0,180.0,0.0,3,N
63,LP001213,No,4945,0.0,,360.0,0.0,3,N
64,LP001222,No,4166,0.0,116.0,360.0,0.0,1,N
65,LP001225,No,5726,4595.0,258.0,360.0,1.0,1,N
66,LP001228,No,3200,2254.0,126.0,180.0,0.0,2,N
67,LP001233,No,10750,0.0,312.0,360.0,1.0,2,Y
68,LP001238,Yes,7100,0.0,125.0,60.0,1.0,2,Y
69,LP001241,No,4300,0.0,136.0,360.0,0.0,1,N
70,LP001243,No,3208,3066.0,172.0,360.0,1.0,2,Y
71,LP001245,Yes,1875,1875.0,97.0,360.0,1.0,1,Y
72,LP001248,No,3500,0.0,81.0,300.0,1.0,1,Y
73,LP001250,No,4755,0.0,95.0,,0.0,1,N
74,LP001253,Yes,5266,1774.0,187.0,360.0,1.0,1,Y
75,LP001255,No,3750,0.0,113.0,480.0,1.0,2,N
76,LP001256,No,3750,4750.0,176.0,360.0,1.0,2,N
77,LP001259,Yes,1000,3022.0,110.0,360.0,1.0,2,N
78,LP001263,No,3167,4000.0,180.0,300.0,0.0,1,N
79,LP001264,Yes,3333,2166.0,130.0,360.0,,1,Y
80,LP001265,No,3846,0.0,111.0,360.0,1.0,1,Y
81,LP001266,Yes,2395,0.0,,360.0,1.0,1,Y
82,LP001267,No,1378,1881.0,167.0,360.0,1.0,2,N
83,LP001273,No,6000,2250.0,265.0,360.0,,1,N
84,LP001275,No,3988,0.0,50.0,240.0,1.0,2,Y
85,LP001279,No,2366,2531.0,136.0,360.0,1.0,1,Y
86,LP001280,No,3333,2000.0,99.0,360.0,,1,Y
87,LP001282,No,2500,2118.0,104.0,360.0,1.0,1,Y
88,LP001289,No,8566,0.0,210.0,360.0,1.0,2,Y
89,LP001310,No,5695,4167.0,175.0,360.0,1.0,1,Y
90,LP001316,No,2958,2900.0,131.0,360.0,1.0,1,Y
91,LP001318,No,6250,5654.0,188.0,180.0,1.0,1,Y
92,LP001319,No,3273,1820.0,81.0,360.0,1.0,2,Y
93,LP001322,No,4133,0.0,122.0,360.0,1.0,1,Y
94,LP001325,No,3620,0.0,25.0,120.0,1.0,1,Y
95,LP001326,,6782,0.0,,360.0,,2,N
96,LP001327,No,2484,2302.0,137.0,360.0,1.0,1,Y
97,LP001333,No,1977,997.0,50.0,360.0,1.0,1,Y
98,LP001334,No,4188,0.0,115.0,180.0,1.0,1,Y
99,LP001343,No,1759,3541.0,131.0,360.0,1.0,1,Y
100,LP001345,No,4288,3263.0,133.0,180.0,1.0,2,Y
101,LP001349,No,4843,3806.0,151.0,360.0,1.0,1,Y
102,LP001350,No,13650,0.0,,360.0,1.0,2,Y
103,LP001356,No,4652,3583.0,,360.0,1.0,1,Y
104,LP001357,No,3816,754.0,160.0,360.0,1.0,2,Y
105,LP001367,No,3052,1030.0,100.0,360.0,1.0,2,Y
106,LP001369,No,11417,1126.0,225.0,360.0,1.0,2,Y
107,LP001370,,7333,0.0,120.0,360.0,1.0,3,N
108,LP001379,No,3800,3600.0,216.0,360.0,0.0,2,N
109,LP001384,No,2071,754.0,94.0,480.0,1.0,1,Y
110,LP001385,No,5316,0.0,136.0,360.0,1.0,2,Y
111,LP001387,,2929,2333.0,139.0,360.0,1.0,1,Y
112,LP001391,No,3572,4114.0,152.0,,0.0,3,N
113,LP001392,Yes,7451,0.0,,360.0,1.0,1,Y
114,LP001398,,5050,0.0,118.0,360.0,1.0,1,Y
115,LP001401,No,14583,0.0,185.0,180.0,1.0,3,Y
116,LP001404,No,3167,2283.0,154.0,360.0,1.0,1,Y
117,LP001405,No,2214,1398.0,85.0,360.0,,2,Y
118,LP001421,No,5568,2142.0,175.0,360.0,1.0,3,N
119,LP001422,No,10408,0.0,259.0,360.0,1.0,2,Y
120,LP001426,No,5667,2667.0,180.0,360.0,1.0,3,Y
121,LP001430,No,4166,0.0,44.0,360.0,1.0,1,Y
122,LP001431,No,2137,8980.0,137.0,360.0,0.0,1,Y
123,LP001432,No,2957,0.0,81.0,360.0,1.0,1,Y
124,LP001439,No,4300,2014.0,194.0,360.0,1.0,3,Y
125,LP001443,No,3692,0.0,93.0,360.0,,3,Y
126,LP001448,No,23803,0.0,370.0,360.0,1.0,3,Y
127,LP001449,No,3865,1640.0,,360.0,1.0,3,Y
128,LP001451,Yes,10513,3850.0,160.0,180.0,0.0,2,N
129,LP001465,No,6080,2569.0,182.0,360.0,,3,N
130,LP001469,Yes,20166,0.0,650.0,480.0,,2,Y
131,LP001473,No,2014,1929.0,74.0,360.0,1.0,2,Y
132,LP001478,No,2718,0.0,70.0,360.0,1.0,1,Y
133,LP001482,Yes,3459,0.0,25.0,120.0,1.0,1,Y
134,LP001487,No,4895,0.0,102.0,360.0,1.0,1,Y
135,LP001488,No,4000,7750.0,290.0,360.0,1.0,1,N
136,LP001489,No,4583,0.0,84.0,360.0,1.0,3,N
137,LP001491,Yes,3316,3500.0,88.0,360.0,1.0,2,Y
138,LP001492,No,14999,0.0,242.0,360.0,0.0,1,N
139,LP001493,No,4200,1430.0,129.0,360.0,1.0,3,N
140,LP001497,No,5042,2083.0,185.0,360.0,1.0,3,N
141,LP001498,No,5417,0.0,168.0,360.0,1.0,2,Y
142,LP001504,Yes,6950,0.0,175.0,180.0,1.0,1,Y
143,LP001507,No,2698,2034.0,122.0,360.0,1.0,1,Y
144,LP001508,No,11757,0.0,187.0,180.0,1.0,2,Y
145,LP001514,No,2330,4486.0,100.0,360.0,1.0,1,Y
146,LP001516,No,14866,0.0,70.0,360.0,1.0,2,Y
147,LP001518,No,1538,1425.0,30.0,360.0,1.0,2,Y
148,LP001519,No,10000,1666.0,225.0,360.0,1.0,3,N
149,LP001520,No,4860,830.0,125.0,360.0,1.0,1,Y
150,LP001528,No,6277,0.0,118.0,360.0,0.0,3,N
151,LP001529,Yes,2577,3750.0,152.0,360.0,1.0,3,Y
152,LP001531,No,9166,0.0,244.0,360.0,1.0,2,N
153,LP001532,No,2281,0.0,113.0,360.0,1.0,3,N
154,LP001535,No,3254,0.0,50.0,360.0,1.0,2,Y
155,LP001536,No,39999,0.0,600.0,180.0,0.0,1,Y
156,LP001541,No,6000,0.0,160.0,360.0,,3,Y
157,LP001543,No,9538,0.0,187.0,360.0,1.0,2,Y
158,LP001546,,2980,2083.0,120.0,360.0,1.0,3,Y
159,LP001552,No,4583,5625.0,255.0,360.0,1.0,1,Y
160,LP001560,No,1863,1041.0,98.0,360.0,1.0,1,Y
161,LP001562,No,7933,0.0,275.0,360.0,1.0,2,N
162,LP001565,No,3089,1280.0,121.0,360.0,0.0,1,N
163,LP001570,No,4167,1447.0,158.0,360.0,1.0,3,Y
164,LP001572,No,9323,0.0,75.0,180.0,1.0,2,Y
165,LP001574,No,3707,3166.0,182.0,,1.0,3,Y
166,LP001577,No,4583,0.0,112.0,360.0,1.0,3,N
167,LP001578,No,2439,3333.0,129.0,360.0,1.0,3,Y
168,LP001579,No,2237,0.0,63.0,480.0,0.0,1,N
169,LP001580,No,8000,0.0,200.0,360.0,1.0,1,Y
170,LP001581,,1820,1769.0,95.0,360.0,1.0,3,Y
171,LP001585,No,51763,0.0,700.0,300.0,1.0,2,Y
172,LP001586,No,3522,0.0,81.0,180.0,1.0,3,N
173,LP001594,No,5708,5625.0,187.0,360.0,1.0,1,Y
174,LP001603,Yes,4344,736.0,87.0,360.0,1.0,1,N
175,LP001606,No,3497,1964.0,116.0,360.0,1.0,3,Y
176,LP001608,No,2045,1619.0,101.0,360.0,1.0,3,Y
177,LP001610,No,5516,11300.0,495.0,360.0,0.0,1,N
178,LP001616,No,3750,0.0,116.0,360.0,1.0,1,Y
179,LP001630,No,2333,1451.0,102.0,480.0,0.0,2,N
180,LP001633,No,6400,7250.0,180.0,360.0,0.0,2,N
181,LP001634,No,1916,5063.0,67.0,360.0,,3,N
182,LP001636,No,4600,0.0,73.0,180.0,1.0,1,Y
183,LP001637,No,33846,0.0,260.0,360.0,1.0,1,N
184,LP001639,No,3625,0.0,108.0,360.0,1.0,1,Y
185,LP001640,Yes,39147,4750.0,120.0,360.0,1.0,1,Y
186,LP001641,Yes,2178,0.0,66.0,300.0,0.0,3,N
187,LP001643,No,2383,2138.0,58.0,360.0,,3,Y
188,LP001644,Yes,674,5296.0,168.0,360.0,1.0,3,Y
189,LP001647,No,9328,0.0,188.0,180.0,1.0,3,Y
190,LP001653,No,4885,0.0,48.0,360.0,1.0,3,Y
191,LP001656,No,12000,0.0,164.0,360.0,1.0,1,N
192,LP001657,No,6033,0.0,160.0,360.0,1.0,2,N
193,LP001658,No,3858,0.0,76.0,360.0,1.0,1,Y
194,LP001664,No,4191,0.0,120.0,360.0,1.0,3,Y
195,LP001665,No,3125,2583.0,170.0,360.0,1.0,1,N
196,LP001666,No,8333,3750.0,187.0,360.0,1.0,3,Y
197,LP001669,No,1907,2365.0,120.0,,1.0,2,Y
198,LP001671,No,3416,2816.0,113.0,360.0,,1,Y
199,LP001673,Yes,11000,0.0,83.0,360.0,1.0,2,N
200,LP001674,No,2600,2500.0,90.0,360.0,1.0,1,Y
201,LP001677,No,4923,0.0,166.0,360.0,0.0,1,Y
202,LP001682,No,3992,0.0,,180.0,1.0,2,N
203,LP001688,No,3500,1083.0,135.0,360.0,1.0,2,Y
204,LP001691,No,3917,0.0,124.0,360.0,1.0,1,Y
205,LP001692,No,4408,0.0,120.0,360.0,1.0,1,Y
206,LP001693,No,3244,0.0,80.0,360.0,1.0,2,Y
207,LP001698,No,3975,2531.0,55.0,360.0,1.0,3,Y
208,LP001699,No,2479,0.0,59.0,360.0,1.0,2,Y
209,LP001702,No,3418,0.0,127.0,360.0,1.0,1,N
210,LP001708,No,10000,0.0,214.0,360.0,1.0,1,N
211,LP001711,No,3430,1250.0,128.0,360.0,0.0,1,N
212,LP001713,Yes,7787,0.0,240.0,360.0,1.0,2,Y
213,LP001715,Yes,5703,0.0,130.0,360.0,1.0,3,Y
214,LP001716,No,3173,3021.0,137.0,360.0,1.0,2,Y
215,LP001720,No,3850,983.0,100.0,360.0,1.0,1,Y
216,LP001722,No,150,1800.0,135.0,360.0,1.0,3,N
217,LP001726,No,3727,1775.0,131.0,360.0,1.0,1,Y
218,LP001732,,5000,0.0,72.0,360.0,0.0,1,N
219,LP001734,No,4283,2383.0,127.0,360.0,,1,Y
220,LP001736,No,2221,0.0,60.0,360.0,0.0,2,N
221,LP001743,No,4009,1717.0,116.0,360.0,1.0,1,Y
222,LP001744,No,2971,2791.0,144.0,360.0,1.0,1,Y
223,LP001749,No,7578,1010.0,175.0,,1.0,1,Y
224,LP001750,No,6250,0.0,128.0,360.0,1.0,1,Y
225,LP001751,No,3250,0.0,170.0,360.0,1.0,3,N
226,LP001754,Yes,4735,0.0,138.0,360.0,1.0,2,N
227,LP001758,No,6250,1695.0,210.0,360.0,1.0,1,Y
228,LP001760,No,4758,0.0,158.0,480.0,1.0,1,Y
229,LP001761,Yes,6400,0.0,200.0,360.0,1.0,3,Y
230,LP001765,No,2491,2054.0,104.0,360.0,1.0,1,Y
231,LP001768,,3716,0.0,42.0,180.0,1.0,3,Y
232,LP001770,No,3189,2598.0,120.0,,1.0,3,Y
233,LP001776,No,8333,0.0,280.0,360.0,1.0,1,Y
234,LP001778,No,3155,1779.0,140.0,360.0,1.0,1,Y
235,LP001784,No,5500,1260.0,170.0,360.0,1.0,3,Y
236,LP001786,,5746,0.0,255.0,360.0,,2,N
237,LP001788,Yes,3463,0.0,122.0,360.0,,2,Y
238,LP001790,No,3812,0.0,112.0,360.0,1.0,3,Y
239,LP001792,No,3315,0.0,96.0,360.0,1.0,1,Y
240,LP001798,No,5819,5000.0,120.0,360.0,1.0,3,Y
241,LP001800,No,2510,1983.0,140.0,180.0,1.0,2,N
242,LP001806,No,2965,5701.0,155.0,60.0,1.0,2,Y
243,LP001807,Yes,6250,1300.0,108.0,360.0,1.0,3,Y
244,LP001811,No,3406,4417.0,123.0,360.0,1.0,1,Y
245,LP001813,Yes,6050,4333.0,120.0,180.0,1.0,2,N
246,LP001814,No,9703,0.0,112.0,360.0,1.0,2,Y
247,LP001819,No,6608,0.0,137.0,180.0,1.0,2,Y
248,LP001824,No,2882,1843.0,123.0,480.0,1.0,1,Y
249,LP001825,No,1809,1868.0,90.0,360.0,1.0,2,Y
250,LP001835,No,1668,3890.0,201.0,360.0,0.0,1,N
251,LP001836,No,3427,0.0,138.0,360.0,1.0,2,N
252,LP001841,Yes,2583,2167.0,104.0,360.0,1.0,3,Y
253,LP001843,No,2661,7101.0,279.0,180.0,1.0,1,Y
254,LP001844,Yes,16250,0.0,192.0,360.0,0.0,2,N
255,LP001846,No,3083,0.0,255.0,360.0,1.0,3,Y
256,LP001849,No,6045,0.0,115.0,360.0,0.0,3,N
257,LP001854,No,5250,0.0,94.0,360.0,1.0,2,N
258,LP001859,No,14683,2100.0,304.0,360.0,1.0,3,N
259,LP001864,No,4931,0.0,128.0,360.0,,1,N
260,LP001865,No,6083,4250.0,330.0,360.0,,2,Y
261,LP001868,No,2060,2209.0,134.0,360.0,1.0,1,Y
262,LP001870,No,3481,0.0,155.0,36.0,1.0,1,N
263,LP001871,No,7200,0.0,120.0,360.0,1.0,3,Y
264,LP001872,Yes,5166,0.0,128.0,360.0,1.0,1,Y
265,LP001875,No,4095,3447.0,151.0,360.0,1.0,3,Y
266,LP001877,No,4708,1387.0,150.0,360.0,1.0,1,Y
267,LP001882,No,4333,1811.0,160.0,360.0,0.0,2,Y
268,LP001883,,3418,0.0,135.0,360.0,1.0,3,N
269,LP001884,No,2876,1560.0,90.0,360.0,1.0,2,Y
270,LP001888,No,3237,0.0,30.0,360.0,1.0,2,Y
271,LP001891,No,11146,0.0,136.0,360.0,1.0,2,Y
272,LP001892,No,2833,1857.0,126.0,360.0,1.0,3,Y
273,LP001894,No,2620,2223.0,150.0,360.0,1.0,1,Y
274,LP001896,No,3900,0.0,90.0,360.0,1.0,1,Y
275,LP001900,No,2750,1842.0,115.0,360.0,1.0,1,Y
276,LP001903,No,3993,3274.0,207.0,360.0,1.0,1,Y
277,LP001904,No,3103,1300.0,80.0,360.0,1.0,2,Y
278,LP001907,No,14583,0.0,436.0,360.0,1.0,1,Y
279,LP001908,No,4100,0.0,124.0,360.0,,3,Y
280,LP001910,Yes,4053,2426.0,158.0,360.0,0.0,2,N
281,LP001914,No,3927,800.0,112.0,360.0,1.0,1,Y
282,LP001915,No,2301,985.7999877999997,78.0,180.0,1.0,2,Y
283,LP001917,No,1811,1666.0,54.0,360.0,1.0,2,Y
284,LP001922,No,20667,0.0,,360.0,1.0,3,N
285,LP001924,No,3158,3053.0,89.0,360.0,1.0,3,Y
286,LP001925,Yes,2600,1717.0,99.0,300.0,1.0,1,N
287,LP001926,No,3704,2000.0,120.0,360.0,1.0,3,Y
288,LP001931,No,4124,0.0,115.0,360.0,1.0,1,Y
289,LP001935,No,9508,0.0,187.0,360.0,1.0,3,Y
290,LP001936,No,3075,2416.0,139.0,360.0,1.0,3,Y
291,LP001938,No,4400,0.0,127.0,360.0,0.0,1,N
292,LP001940,No,3153,1560.0,134.0,360.0,1.0,2,Y
293,LP001945,No,5417,0.0,143.0,480.0,0.0,2,N
294,LP001947,No,2383,3334.0,172.0,360.0,1.0,1,Y
295,LP001949,,4416,1250.0,110.0,360.0,1.0,2,Y
296,LP001953,No,6875,0.0,200.0,360.0,1.0,1,Y
297,LP001954,No,4666,0.0,135.0,360.0,1.0,2,Y
298,LP001955,No,5000,2541.0,151.0,480.0,1.0,3,N
299,LP001963,No,2014,2925.0,113.0,360.0,1.0,2,N
300,LP001964,No,1800,2934.0,93.0,360.0,0.0,2,N
301,LP001972,No,2875,1750.0,105.0,360.0,1.0,1,Y
302,LP001974,No,5000,0.0,132.0,360.0,1.0,3,Y
303,LP001977,No,1625,1803.0,96.0,360.0,1.0,2,Y
304,LP001978,No,4000,2500.0,140.0,360.0,1.0,3,Y
305,LP001990,No,2000,0.0,,360.0,1.0,2,N
306,LP001993,No,3762,1666.0,135.0,360.0,1.0,3,Y
307,LP001994,No,2400,1863.0,104.0,360.0,0.0,2,N
308,LP001996,No,20233,0.0,480.0,360.0,1.0,3,N
309,LP001998,No,7667,0.0,185.0,360.0,,3,Y
310,LP002002,No,2917,0.0,84.0,360.0,1.0,1,Y
311,LP002004,No,2927,2405.0,111.0,360.0,1.0,1,Y
312,LP002006,No,2507,0.0,56.0,360.0,1.0,3,Y
313,LP002008,Yes,5746,0.0,144.0,84.0,,3,Y
314,LP002024,No,2473,1843.0,159.0,360.0,1.0,3,N
315,LP002031,No,3399,1640.0,111.0,180.0,1.0,2,Y
316,LP002035,No,3717,0.0,120.0,360.0,1.0,1,Y
317,LP002036,No,2058,2134.0,88.0,360.0,,2,Y
318,LP002043,No,3541,0.0,112.0,360.0,,1,Y
319,LP002050,Yes,10000,0.0,155.0,360.0,1.0,3,N
320,LP002051,No,2400,2167.0,115.0,360.0,1.0,1,Y
321,LP002053,No,4342,189.0,124.0,360.0,1.0,1,Y
322,LP002054,No,3601,1590.0,,360.0,1.0,3,Y
323,LP002055,No,3166,2985.0,132.0,360.0,,3,Y
324,LP002065,No,15000,0.0,300.0,360.0,1.0,3,Y
325,LP002067,Yes,8666,4983.0,376.0,360.0,0.0,3,N
326,LP002068,No,4917,0.0,130.0,360.0,0.0,3,Y
327,LP002082,Yes,5818,2160.0,184.0,360.0,1.0,1,Y
328,LP002086,No,4333,2451.0,110.0,360.0,1.0,2,N
329,LP002087,No,2500,0.0,67.0,360.0,1.0,2,Y
330,LP002097,No,4384,1793.0,117.0,360.0,1.0,2,Y
331,LP002098,No,2935,0.0,98.0,360.0,1.0,1,Y
332,LP002100,No,2833,0.0,71.0,360.0,1.0,2,Y
333,LP002101,,63337,0.0,490.0,180.0,1.0,2,Y
334,LP002103,Yes,9833,1833.0,182.0,180.0,1.0,2,Y
335,LP002106,Yes,5503,4490.0,70.0,,1.0,1,Y
336,LP002110,,5250,688.0,160.0,360.0,1.0,3,Y
337,LP002112,Yes,2500,4600.0,176.0,360.0,1.0,3,Y
338,LP002113,No,1830,0.0,,360.0,0.0,2,N
339,LP002114,No,4160,0.0,71.0,360.0,1.0,1,Y
340,LP002115,No,2647,1587.0,173.0,360.0,1.0,3,N
341,LP002116,No,2378,0.0,46.0,360.0,1.0,3,N
342,LP002119,No,4554,1229.0,158.0,360.0,1.0,2,Y
343,LP002126,No,3173,0.0,74.0,360.0,1.0,1,Y
344,LP002128,,2583,2330.0,125.0,360.0,1.0,3,Y
345,LP002129,No,2499,2458.0,160.0,360.0,1.0,1,Y
346,LP002130,No,3523,3230.0,152.0,360.0,0.0,3,N
347,LP002131,No,3083,2168.0,126.0,360.0,1.0,2,Y
348,LP002137,No,6333,4583.0,259.0,360.0,,1,Y
349,LP002138,No,2625,6250.0,187.0,360.0,1.0,3,Y
350,LP002139,No,9083,0.0,228.0,360.0,1.0,1,Y
351,LP002140,No,8750,4167.0,308.0,360.0,1.0,3,N
352,LP002141,No,2666,2083.0,95.0,360.0,1.0,3,Y
353,LP002142,Yes,5500,0.0,105.0,360.0,0.0,3,N
354,LP002143,No,2423,505.0,130.0,360.0,1.0,1,Y
355,LP002144,No,3813,0.0,116.0,180.0,1.0,2,Y
356,LP002149,No,8333,3167.0,165.0,360.0,1.0,3,Y
357,LP002151,No,3875,0.0,67.0,360.0,1.0,2,N
358,LP002158,No,3000,1666.0,100.0,480.0,0.0,2,N
359,LP002160,No,5167,3167.0,200.0,360.0,1.0,1,Y
360,LP002161,No,4723,0.0,81.0,360.0,1.0,1,N
361,LP002170,No,5000,3667.0,236.0,360.0,1.0,1,Y
362,LP002175,No,4750,2333.0,130.0,360.0,1.0,2,Y
363,LP002178,No,3013,3033.0,95.0,300.0,,2,Y
364,LP002180,Yes,6822,0.0,141.0,360.0,1.0,3,Y
365,LP002181,No,6216,0.0,133.0,360.0,1.0,3,N
366,LP002187,No,2500,0.0,96.0,480.0,1.0,1,N
367,LP002188,No,5124,0.0,124.0,,0.0,3,N
368,LP002190,No,6325,0.0,175.0,360.0,1.0,1,Y
369,LP002191,No,19730,5266.0,570.0,360.0,1.0,3,N
370,LP002194,Yes,15759,0.0,55.0,360.0,1.0,1,Y
371,LP002197,No,5185,0.0,155.0,360.0,1.0,1,Y
372,LP002201,Yes,9323,7873.0,380.0,300.0,1.0,3,Y
373,LP002205,No,3062,1987.0,111.0,180.0,0.0,2,N
374,LP002209,,2764,1459.0,110.0,360.0,1.0,2,Y
375,LP002211,No,4817,923.0,120.0,180.0,1.0,2,Y
376,LP002219,No,8750,4996.0,130.0,360.0,1.0,3,Y
377,LP002223,No,4310,0.0,130.0,360.0,,1,Y
378,LP002224,No,3069,0.0,71.0,480.0,1.0,2,N
379,LP002225,No,5391,0.0,130.0,360.0,1.0,2,Y
380,LP002226,,3333,2500.0,128.0,360.0,1.0,1,Y
381,LP002229,No,5941,4232.0,296.0,360.0,1.0,1,Y
382,LP002231,No,6000,0.0,156.0,360.0,1.0,2,Y
383,LP002234,Yes,7167,0.0,128.0,360.0,1.0,2,Y
384,LP002236,No,4566,0.0,100.0,360.0,1.0,2,N
385,LP002237,,3667,0.0,113.0,180.0,1.0,2,Y
386,LP002239,No,2346,1600.0,132.0,360.0,1.0,1,Y
387,LP002243,No,3010,3136.0,,360.0,0.0,2,N
388,LP002244,No,2333,2417.0,136.0,360.0,1.0,2,Y
389,LP002250,No,5488,0.0,125.0,360.0,1.0,3,Y
390,LP002255,No,9167,0.0,185.0,360.0,1.0,3,Y
391,LP002262,No,9504,0.0,275.0,360.0,1.0,3,Y
392,LP002263,No,2583,2115.0,120.0,360.0,,2,Y
393,LP002265,No,1993,1625.0,113.0,180.0,1.0,1,Y
394,LP002266,No,3100,1400.0,113.0,360.0,1.0,2,Y
395,LP002272,No,3276,484.0,135.0,360.0,,1,Y
396,LP002277,No,3180,0.0,71.0,360.0,0.0,2,N
397,LP002281,No,3033,1459.0,95.0,360.0,1.0,2,Y
398,LP002284,No,3902,1666.0,109.0,360.0,1.0,3,Y
399,LP002287,No,1500,1800.0,103.0,360.0,0.0,1,N
400,LP002288,No,2889,0.0,45.0,180.0,0.0,2,N
401,LP002296,No,2755,0.0,65.0,300.0,1.0,3,N
402,LP002297,No,2500,20000.0,103.0,360.0,1.0,1,Y
403,LP002300,No,1963,0.0,53.0,360.0,1.0,1,Y
404,LP002301,Yes,7441,0.0,194.0,360.0,1.0,3,N
405,LP002305,No,4547,0.0,115.0,360.0,1.0,1,Y
406,LP002308,No,2167,2400.0,115.0,360.0,1.0,2,Y
407,LP002314,No,2213,0.0,66.0,360.0,1.0,3,Y
408,LP002315,No,8300,0.0,152.0,300.0,0.0,1,N
409,LP002317,No,81000,0.0,360.0,360.0,0.0,3,N
410,LP002318,Yes,3867,0.0,62.0,360.0,1.0,1,N
411,LP002319,,6256,0.0,160.0,360.0,,2,Y
412,LP002328,No,6096,0.0,218.0,360.0,0.0,3,N
413,LP002332,No,2253,2033.0,110.0,360.0,1.0,3,Y
414,LP002335,No,2149,3237.0,178.0,360.0,0.0,1,N
415,LP002337,No,2995,0.0,60.0,360.0,1.0,2,Y
416,LP002341,No,2600,0.0,160.0,360.0,1.0,2,N
417,LP002342,Yes,1600,20000.0,239.0,360.0,1.0,2,N
418,LP002345,No,1025,2773.0,112.0,360.0,1.0,3,Y
419,LP002347,No,3246,1417.0,138.0,360.0,1.0,1,Y
420,LP002348,No,5829,0.0,138.0,360.0,1.0,3,Y
421,LP002357,No,2720,0.0,80.0,,0.0,2,N
422,LP002361,No,1820,1719.0,100.0,360.0,1.0,2,Y
423,LP002362,No,7250,1667.0,110.0,,0.0,2,N
424,LP002364,No,14880,0.0,96.0,360.0,1.0,1,Y
425,LP002366,No,2666,4300.0,121.0,360.0,1.0,3,Y
426,LP002367,No,4606,0.0,81.0,360.0,1.0,3,N
427,LP002368,No,5935,0.0,133.0,360.0,1.0,1,Y
428,LP002369,No,2920,16.12000084,87.0,360.0,1.0,3,Y
429,LP002370,No,2717,0.0,60.0,180.0,1.0,2,Y
430,LP002377,Yes,8624,0.0,150.0,360.0,1.0,1,Y
431,LP002379,No,6500,0.0,105.0,360.0,0.0,3,N
432,LP002386,,12876,0.0,405.0,360.0,1.0,1,Y
433,LP002387,No,2425,2340.0,143.0,360.0,1.0,1,Y
434,LP002390,No,3750,0.0,100.0,360.0,1.0,2,Y
435,LP002393,No,10047,0.0,,240.0,1.0,1,Y
436,LP002398,No,1926,1851.0,50.0,360.0,1.0,1,Y
437,LP002401,No,2213,1125.0,,360.0,1.0,2,Y
438,LP002403,Yes,10416,0.0,187.0,360.0,0.0,2,N
439,LP002407,Yes,7142,0.0,138.0,360.0,1.0,3,Y
440,LP002408,No,3660,5064.0,187.0,360.0,1.0,1,Y
441,LP002409,No,7901,1833.0,180.0,360.0,1.0,3,Y
442,LP002418,No,4707,1993.0,148.0,360.0,1.0,1,Y
443,LP002422,No,37719,0.0,152.0,360.0,1.0,1,Y
444,LP002424,No,7333,8333.0,175.0,300.0,,3,Y
445,LP002429,Yes,3466,1210.0,130.0,360.0,1.0,3,Y
446,LP002434,No,4652,0.0,110.0,360.0,1.0,3,Y
447,LP002435,,3539,1376.0,55.0,360.0,1.0,3,N
448,LP002443,No,3340,1710.0,150.0,360.0,0.0,3,N
449,LP002444,Yes,2769,1542.0,190.0,360.0,,1,N
450,LP002446,No,2309,1255.0,125.0,360.0,0.0,3,N
451,LP002447,No,1958,1456.0,60.0,300.0,,2,Y
452,LP002448,No,3948,1733.0,149.0,360.0,0.0,3,N
453,LP002449,No,2483,2466.0,90.0,180.0,0.0,3,Y
454,LP002453,Yes,7085,0.0,84.0,360.0,1.0,1,Y
455,LP002455,No,3859,0.0,96.0,360.0,1.0,1,Y
456,LP002459,No,4301,0.0,118.0,360.0,1.0,2,Y
457,LP002467,No,3708,2569.0,173.0,360.0,1.0,2,N
458,LP002472,No,4354,0.0,136.0,360.0,1.0,3,Y
459,LP002473,No,8334,0.0,160.0,360.0,1.0,1,N
460,LP002478,Yes,2083,4083.0,160.0,360.0,,1,Y
461,LP002484,No,7740,0.0,128.0,180.0,1.0,2,Y
462,LP002487,No,3015,2188.0,153.0,360.0,1.0,3,Y
463,LP002489,,5191,0.0,132.0,360.0,1.0,1,Y
464,LP002493,No,4166,0.0,98.0,360.0,0.0,1,N
465,LP002494,No,6000,0.0,140.0,360.0,1.0,3,Y
466,LP002500,No,2947,1664.0,70.0,180.0,0.0,2,N
467,LP002501,No,16692,0.0,110.0,360.0,1.0,1,Y
468,LP002502,,210,2917.0,98.0,360.0,1.0,1,Y
469,LP002505,No,4333,2451.0,110.0,360.0,1.0,2,N
470,LP002515,Yes,3450,2079.0,162.0,360.0,1.0,1,Y
471,LP002517,No,2653,1500.0,113.0,180.0,0.0,3,N
472,LP002519,No,4691,0.0,100.0,360.0,1.0,1,Y
473,LP002522,Yes,2500,0.0,93.0,360.0,,2,Y
474,LP002524,No,5532,4648.0,162.0,360.0,1.0,3,Y
475,LP002527,Yes,16525,1014.0,150.0,360.0,1.0,3,Y
476,LP002529,No,6700,1750.0,230.0,300.0,1.0,1,Y
477,LP002530,No,2873,1872.0,132.0,360.0,0.0,1,N
478,LP002531,Yes,16667,2250.0,86.0,360.0,1.0,1,Y
479,LP002533,No,2947,1603.0,,360.0,1.0,2,N
480,LP002534,No,4350,0.0,154.0,360.0,1.0,3,Y
481,LP002536,No,3095,0.0,113.0,360.0,1.0,3,Y
482,LP002537,No,2083,3150.0,128.0,360.0,1.0,1,Y
483,LP002541,No,10833,0.0,234.0,360.0,1.0,1,Y
484,LP002543,No,8333,0.0,246.0,360.0,1.0,1,Y
485,LP002544,No,1958,2436.0,131.0,360.0,1.0,3,Y
486,LP002545,No,3547,0.0,80.0,360.0,0.0,3,N
487,LP002547,No,18333,0.0,500.0,360.0,1.0,2,N
488,LP002555,Yes,4583,2083.0,160.0,360.0,1.0,1,Y
489,LP002556,No,2435,0.0,75.0,360.0,1.0,2,N
490,LP002560,No,2699,2785.0,96.0,360.0,,1,Y
491,LP002562,No,5333,1131.0,186.0,360.0,,2,Y
492,LP002571,No,3691,0.0,110.0,360.0,1.0,3,Y
493,LP002582,Yes,17263,0.0,225.0,360.0,1.0,1,Y
494,LP002585,No,3597,2157.0,119.0,360.0,0.0,3,N
495,LP002586,No,3326,913.0,105.0,84.0,1.0,1,Y
496,LP002587,No,2600,1700.0,107.0,360.0,1.0,3,Y
497,LP002588,No,4625,2857.0,111.0,12.0,,2,Y
498,LP002600,Yes,2895,0.0,95.0,360.0,1.0,1,Y
499,LP002602,No,6283,4416.0,209.0,360.0,0.0,3,N
500,LP002603,No,645,3683.0,113.0,480.0,1.0,3,Y
501,LP002606,No,3159,0.0,100.0,360.0,1.0,1,Y
502,LP002615,No,4865,5624.0,208.0,360.0,1.0,1,Y
503,LP002618,No,4050,5302.0,138.0,360.0,,3,N
504,LP002619,No,3814,1483.0,124.0,300.0,1.0,1,Y
505,LP002622,No,3510,4416.0,243.0,360.0,1.0,3,Y
506,LP002624,No,20833,6667.0,480.0,360.0,,2,Y
507,LP002625,No,3583,0.0,96.0,360.0,1.0,2,N
508,LP002626,Yes,2479,3013.0,188.0,360.0,1.0,2,Y
509,LP002634,No,13262,0.0,40.0,360.0,1.0,2,Y
510,LP002637,No,3598,1287.0,100.0,360.0,1.0,3,N
511,LP002640,No,6065,2004.0,250.0,360.0,1.0,1,Y
512,LP002643,No,3283,2035.0,148.0,360.0,1.0,2,Y
513,LP002648,No,2130,6666.0,70.0,180.0,1.0,1,N
514,LP002652,No,5815,3666.0,311.0,360.0,1.0,3,N
515,LP002659,No,3466,3428.0,150.0,360.0,1.0,3,Y
516,LP002670,No,2031,1632.0,113.0,480.0,1.0,1,Y
517,LP002682,No,3074,1800.0,123.0,360.0,0.0,1,N
518,LP002683,No,4683,1915.0,185.0,360.0,1.0,1,N
519,LP002684,No,3400,0.0,95.0,360.0,1.0,3,N
520,LP002689,No,2192,1742.0,45.0,360.0,1.0,1,Y
521,LP002690,No,2500,0.0,55.0,360.0,1.0,1,Y
522,LP002692,Yes,5677,1424.0,100.0,360.0,1.0,3,Y
523,LP002693,Yes,7948,7166.0,480.0,360.0,1.0,3,Y
524,LP002697,No,4680,2087.0,,360.0,1.0,1,N
525,LP002699,Yes,17500,0.0,400.0,360.0,1.0,3,Y
526,LP002705,No,3775,0.0,110.0,360.0,1.0,1,Y
527,LP002706,No,5285,1430.0,161.0,360.0,0.0,1,Y
528,LP002714,No,2679,1302.0,94.0,360.0,1.0,1,Y
529,LP002716,No,6783,0.0,130.0,360.0,1.0,1,Y
530,LP002717,No,1025,5500.0,216.0,360.0,,3,Y
531,LP002720,No,4281,0.0,100.0,360.0,1.0,2,Y
532,LP002723,No,3588,0.0,110.0,360.0,0.0,3,N
533,LP002729,No,11250,0.0,196.0,360.0,,1,N
534,LP002731,Yes,18165,0.0,125.0,360.0,1.0,2,Y
535,LP002732,,2550,2042.0,126.0,360.0,1.0,3,Y
536,LP002734,No,6133,3906.0,324.0,360.0,1.0,2,Y
537,LP002738,No,3617,0.0,107.0,360.0,1.0,1,Y
538,LP002739,No,2917,536.0,66.0,360.0,1.0,3,N
539,LP002740,No,6417,0.0,157.0,180.0,1.0,3,Y
540,LP002741,No,4608,2845.0,140.0,180.0,1.0,1,Y
541,LP002743,No,2138,0.0,99.0,360.0,0.0,1,N
542,LP002753,,3652,0.0,95.0,360.0,1.0,1,Y
543,LP002755,No,2239,2524.0,128.0,360.0,1.0,2,Y
544,LP002757,No,3017,663.0,102.0,360.0,,1,Y
545,LP002767,No,2768,1950.0,155.0,360.0,1.0,3,Y
546,LP002768,No,3358,0.0,80.0,36.0,1.0,1,N
547,LP002772,No,2526,1783.0,145.0,360.0,1.0,3,Y
548,LP002776,No,5000,0.0,103.0,360.0,0.0,1,N
549,LP002777,No,2785,2016.0,110.0,360.0,1.0,3,Y
550,LP002778,Yes,6633,0.0,,360.0,0.0,3,N
551,LP002784,No,2492,2375.0,,360.0,1.0,3,Y
552,LP002785,No,3333,3250.0,158.0,360.0,1.0,2,Y
553,LP002788,No,2454,2333.0,181.0,360.0,0.0,2,N
554,LP002789,No,3593,4266.0,132.0,180.0,0.0,3,N
555,LP002792,No,5468,1032.0,26.0,360.0,1.0,1,Y
556,LP002794,No,2667,1625.0,84.0,360.0,,2,Y
557,LP002795,Yes,10139,0.0,260.0,360.0,1.0,1,Y
558,LP002798,No,3887,2669.0,162.0,360.0,1.0,1,Y
559,LP002804,No,4180,2306.0,182.0,360.0,1.0,1,Y
560,LP002807,No,3675,242.0,108.0,360.0,1.0,1,Y
561,LP002813,Yes,19484,0.0,600.0,360.0,1.0,1,Y
562,LP002820,No,5923,2054.0,211.0,360.0,1.0,3,Y
563,LP002821,Yes,5800,0.0,132.0,360.0,1.0,1,Y
564,LP002832,No,8799,0.0,258.0,360.0,0.0,2,N
565,LP002833,No,4467,0.0,120.0,360.0,,3,Y
566,LP002836,No,3333,0.0,70.0,360.0,1.0,2,Y
567,LP002837,No,3400,2500.0,123.0,360.0,0.0,3,N
568,LP002840,No,2378,0.0,9.0,360.0,1.0,2,N
569,LP002841,No,3166,2064.0,104.0,360.0,0.0,2,N
570,LP002842,No,3417,1750.0,186.0,360.0,1.0,2,Y
571,LP002847,No,5116,1451.0,165.0,360.0,0.0,2,N
572,LP002855,No,16666,0.0,275.0,360.0,1.0,2,Y
573,LP002862,No,6125,1625.0,187.0,480.0,1.0,1,N
574,LP002863,No,6406,0.0,150.0,360.0,1.0,1,N
575,LP002868,No,3159,461.0,108.0,84.0,1.0,2,Y
576,LP002872,No,3087,2210.0,136.0,360.0,0.0,1,N
577,LP002874,No,3229,2739.0,110.0,360.0,1.0,2,Y
578,LP002877,No,1782,2232.0,107.0,360.0,1.0,3,Y
579,LP002888,,3182,2917.0,161.0,360.0,1.0,2,Y
580,LP002892,No,6540,0.0,205.0,360.0,1.0,1,Y
581,LP002893,No,1836,33837.0,90.0,360.0,1.0,2,N
582,LP002894,No,3166,0.0,36.0,360.0,1.0,1,Y
583,LP002898,No,1880,0.0,61.0,360.0,,3,N
584,LP002911,No,2787,1917.0,146.0,360.0,0.0,3,N
585,LP002912,No,4283,3000.0,172.0,84.0,1.0,3,N
586,LP002916,No,2297,1522.0,104.0,360.0,1.0,2,Y
587,LP002917,No,2165,0.0,70.0,360.0,1.0,1,Y
588,LP002925,No,4750,0.0,94.0,360.0,1.0,1,Y
589,LP002926,Yes,2726,0.0,106.0,360.0,0.0,1,N
590,LP002928,No,3000,3416.0,56.0,180.0,1.0,1,Y
591,LP002931,Yes,6000,0.0,205.0,240.0,1.0,1,N
592,LP002933,Yes,9357,0.0,292.0,360.0,1.0,1,Y
593,LP002936,No,3859,3300.0,142.0,180.0,1.0,3,Y
594,LP002938,Yes,16120,0.0,260.0,360.0,1.0,2,Y
595,LP002940,No,3833,0.0,110.0,360.0,1.0,3,Y
596,LP002941,Yes,6383,1000.0,187.0,360.0,1.0,3,N
597,LP002943,No,2987,0.0,88.0,360.0,0.0,1,N
598,LP002945,Yes,9963,0.0,180.0,360.0,1.0,3,Y
599,LP002948,No,5780,0.0,192.0,360.0,1.0,2,Y
600,LP002949,,416,41667.0,350.0,180.0,,2,N
601,LP002950,,2894,2792.0,155.0,360.0,1.0,3,Y
602,LP002953,No,5703,0.0,128.0,360.0,1.0,2,Y
603,LP002958,No,3676,4301.0,172.0,360.0,1.0,3,Y
604,LP002959,No,12000,0.0,496.0,360.0,1.0,1,Y
605,LP002960,No,2400,3800.0,,180.0,1.0,2,N
606,LP002961,No,3400,2500.0,173.0,360.0,1.0,1,Y
607,LP002964,No,3987,1411.0,157.0,360.0,1.0,3,Y
608,LP002974,No,3232,1950.0,108.0,360.0,1.0,3,Y
609,LP002978,No,2900,0.0,71.0,360.0,1.0,3,Y
610,LP002979,No,4106,0.0,40.0,180.0,1.0,3,Y
611,LP002983,No,8072,240.0,253.0,360.0,1.0,2,Y
612,LP002984,No,7583,0.0,187.0,360.0,1.0,2,Y
613,LP002990,Yes,4583,0.0,133.0,360.0,0.0,1,N
